Beak-X-loop-peer1-Sub1,5XXB_1:1997-1999_2450-2452,5TBW_1:1839-1841_2145-2147,4V8P_D1:1918-1920_2332-2334,3J79_A:2162-2164_2630-2632,6D9J_5:2226-2229_2530-2533,6EK0_L5:2843-2845_3841-3843,4V91_1:1894-1896_2337-2339,3J7Q_5:2308-2310_2634-2636
Beak-X-loop-peer1-Sub2,5OOL_A:796-798_987-989,6HA1_A:1707-1709_2023-2025,4Y4O_2A:1708-1710_2015-2017,4WF9_X:1706-1708_2021-2023,5O60_A:1880-1882_2218-2220,4IOA_X:1679-1681_1977-1979,6ERI_AA:1698-1700_2008-2010
Beak-X-loop-peer1-Sub3,5J7L_DA:1662-1664_1994-1996,5MRC_A:1614-1616_1894-1896
Beak-X-loop-peer1-Sub4,6AZ3_2:77-79_582-584,5T5H_B:73-75_336-338,5T2A_B:78-80_521-523
C-loop-Sub1,5J7L_DA:2679-2683_2724-2726,4WF9_X:2706-2710_2751-2753,4IOA_X:2658-2662_2704-2706,6HA1_A:2708-2712_2753-2755,6ERI_AA:2696-2700_2742-2744,5B2P_B:75-79_87-89,5V7Q_A:2917-2921_2962-2964,4V9F_0:1417-1421_1429-1431,3J79_A:3432-3436_3475-3477,1KOG_O:5-7_27-31,4MGN_A:19-23_63-65,6GAZ_AA:536-540_823-827,5O60_A:2903-2907_2948-2950,4Y4O_2A:2690-2694_2736-2738,4V9F_0:2709-2713_2753-2755,5XY3_1:2500-2504_2541-2543,5OOL_A:1477-1481_1490-1492,4JRC_B:5-9_49-51,5MRC_A:2946-2950_3060-3062,6GAW_BA:1482-1486_1496-1498,4Y4O_2A:1363-1367_1375-1377,4WF9_X:1355-1359_1367-1369,4IOA_X:1331-1335_1343-1345,5J7L_DA:1318-1322_1330-1332,6HA1_A:1357-1361_1369-1371,5O60_A:1433-1437_1445-1447,5TBW_1:1445-1449_1457-1459,5XXB_1:1596-1601_1609-1612,6AZ3_1:1603-1607_1615-1617,4V91_1:1500-1504_1512-1514,5XY3_1:1213-1217_1225-1227,5MRC_aa:296-298_309-313,6EK0_L5:2414-2418_2426-2428,3J7Q_5:1879-1883_1891-1893,6D9J_5:1798-1802_1810-1812,6ERI_AA:1339-1343_1351-1353,4V8P_D1:1526-1530_1538-1540,5V7Q_A:1449-1453_1461-1463,3J79_A:1649-1653_1661-1663,5T5H_A:1168-1172_1180-1182
C-loop-Sub2,4V88_A6:442-446_459-460,6FYY_2:441-445_458-459,3J7A_A:448-452_465-466,3J7P_S2:429-433_446-447,4V5O_BA:434-438_451-452,5XYI_2:373-377_390-391,3J9M_AA:538-542_816-820,5MRC_aa:374-378_392-393,5J7L_AA:370-374_388-389,6AZ1_1:485-489_507-508,5NGM_Aa:378-382_396-397,6HA1_a:377-381_395-396,5ZEB_a:370-374_388-389,5OPT_E:490-494_512-513,6ERI_BA:341-345_359-360,4LFB_A:366-370_384-385,6D9J_2:414-418_431-432,6GAZ_AA:189-193_207-208,3J9M_AA:186-190_204-205,5OQL_1:1026-1030_1043-1044
C-loop-Sub3,6AZ1_1:1508-1511_2036-2040,6EK0_S2:1213-1216_1680-1684,5OPT_E:1625-1628_2151-2155,5XXU_2:1151-1154_1614-1618,6FYY_2:1155-1158_1614-1618,3J7P_S2:1086-1089_1553-1557,4V88_A6:1156-1159_1616-1620,3J7A_A:1257-1260_1913-1917,6D9J_2:1060-1063_1517-1521,4V5O_BA:1129-1131_1588-1592,5XYI_2:965-967_1422-1426
C-loop-Sub4,4LFB_A:910-912_1362-1366,5J7L_AA:932-934_1379-1383,5ZEB_a:914-916_1362-1366,6HA1_a:941-943_1387-1391,6ERI_BA:881-883_1328-1332,5V93_a:925-927_1372-1376,5NGM_Aa:941-943_1389-1393
C-loop-Sub5,4Y4O_2A:909-913_953-956,4IOA_X:876-880_920-923,5J7L_DA:863-867_908-911,4WF9_X:908-912_953-956,6HA1_A:910-914_955-958,6ERI_AA:873-877_917-920,5MRC_A:786-790_834-837,5O60_A:978-983_1023-1026,4V9F_0:950-955_997-1000,5V7Q_A:992-997_1037-1040,6EK0_L5:1738-1743_1785-1788,5XXB_1:1087-1092_1134-1137,4V8P_D1:1024-1029_1071-1074,6AZ3_1:1047-1052_1094-1097,3J79_A:1120-1125_1168-1171,3J7Q_5:1314-1319_1361-1364,5TBW_1:943-948_990-993,4V91_1:998-1003_1045-1048
C-loop-Sub6,5T5H_D:27-28_47-50,3J79_B:27-28_47-50,3J7O_7:27-28_47-50,5FDV_1B:29-30_50-53,6AZ3_8:27-28_47-50,4V9F_9:28-29_49-52,4WF9_Y:27-28_48-51,5J7L_DB:29-30_50-53,6EK0_L7:27-28_47-50,4V8P_C3:27-28_47-50,6DZI_B:30-31_51-54,6DZP_B:30-31_51-54,5V7Q_B:28-29_49-52,5J7L_DA:1845-1848_1892-1893
C-loop-Sub7,6EK0_S2:801-802_859-862,4V88_A6:745-746_801-804,5XYI_2:593-594_646-649
C-loop-Sub8,5V7Q_A:2079-2082_2130-2131,4IOA_X:1837-1840_1875-1876
C-loop-Sub9,3IGI_A:69-73_112-116,4V8P_D1:456-461_515-520,5V7Q_A:1568-1572_1630-1634,4V8P_D1:3188-3192_3216-3220,5V7Q_A:1578-1582_1620-1624,5OPT_E:2073-2079_2098-2105
C-loop-Sub10,3LQX_B:16-20_31-35,4IOA_X:2665-2669_2697-2701,1MFQ_A:78-82_93-97,3NDB_M:78-82_93-97,4Y4O_2A:2697-2701_2729-2733,5V7Q_A:1487-1491_1500-1504,3KTW_C:60-65_76-81,3J9M_AA:81-84_94-96,5J7L_AA:579-583_756-760,5GAH_1:44-48_59-63,5V93_a:1423-1427_1458-1461,2XXA_F:39-43_54-58
C-loop-Sub11,6FYY_2:1343-1346_1374-1377,4V5O_BA:1316-1319_1346-1349,6D9J_2:1248-1251_1277-1280
C-loop-Sub12,4IOA_X:2437-2438_2468-2471,4WF9_X:2485-2486_2516-2519,4Y4O_2A:2469-2470_2500-2503,6HA1_A:2487-2488_2518-2521,6ERI_AA:2475-2476_2506-2509,5O60_A:2682-2683_2713-2716,5MRC_A:2724-2725_2755-2758,6GAW_BA:1281-1282_1312-1315,5OOL_A:1275-1276_1306-1309,5J7L_DA:2458-2459_2489-2492
C-loop-Sub13,1S03_A:10-13_37-38,1S03_B:10-13_37-38
C-loop-Sub14,5J7L_AA:596-597_639-642,4LFB_A:580-581_623-626,1I6U_C:11-12_23-26,6HA1_a:604-605_647-650
E-loop-Sub1,4WF9_X:23-28_555-560,4IOA_X:23-28_520-525,5O60_A:20-25_597-602,4V9F_0:13-18_509-514,6HA1_A:23-28_556-561,5J7L_AA:1302-1306_1329-1333,5V7Q_A:23-28_598-603,5J7L_DA:23-28_510-515,4Y4O_2A:22-27_534-539,6EK0_S2:1603-1607_1630-1634,6ERI_BA:1250-1254_1277-1281,6FYY_2:1537-1541_1564-1568,3J7A_A:1836-1840_1863-1867,6AZ1_1:1958-1962_1985-1990,4LFB_A:1284-1288_1311-1315,4V88_A6:1539-1543_1566-1570,5XYI_2:1346-1350_1372-1376,5MRC_aa:1370-1374_1397-1401,5XXU_2:1537-1541_1564-1568,4V5O_BA:1511-1515_1538-1542,5ZEB_a:1284-1288_1311-1315,3J9M_AA:740-744_766-770,6HA1_a:1310-1314_1337-1341,5NGM_Aa:1312-1316_1339-1343,5J7L_DA:701-706_723-729,4WF9_X:746-751_768-774,5XXB_1:922-927_944-950,5XY3_1:558-563_580-586,4V91_1:832-837_854-860,6AZ3_1:881-886_903-909,5TBW_1:777-782_799-805,5J7L_DA:1719-1723_1735-1739,4V8P_D1:750-754_763-768,6HA1_a:1266-1269_1280-1283,5J7L_AA:1258-1261_1272-1275,4V5O_BA:1648-1652_1671-1675,6FYY_2:1675-1679_1716-1720,5OPT_E:2211-2215_2237-2241,4Y4O_2A:1885-1889_1902-1906,4V88_A6:1677-1681_1718-1722,3J7P_S2:1614-1618_1660-1664,4UYK_R:80-84_105-109,3DHS_A:134-138_147-151,2A64_A:283-287_296-300
E-loop-Sub2,3IWN_A:11-15_30-34,3MXH_R:14-18_33-37,4YAZ_R:15-19_34-38
E-loop-Sub3,5MRC_aa:688-694_820-825,4LFB_A:563-567_740-744,5V93_a:570-574_747-751,5NGM_Aa:587-591_764-768,6HA1_a:587-591_764-768,4V9F_0:697-701_711-715,5O60_A:1936-1941_1951-1956,5J7L_DA:1473-1477_1512-1516,5O60_A:1471-1475_1484-1488,5J7L_DA:1356-1360_1369-1373,4WF9_X:1393-1397_1406-1410,6ERI_BA:527-531_704-708,6HA1_A:1395-1399_1408-1412,6ERI_AA:1377-1381_1390-1394,4IOA_X:1369-1373_1382-1386,5J7L_AA:778-782_798-802,4LFB_A:762-766_782-786,6AZ1_1:675-679_1214-1218,6EK0_S2:1046-1050_1066-1070,5NGM_Aa:786-790_806-810,5XYI_2:548-552_787-791,6HA1_a:786-790_806-810,3J7P_S2:919-923_939-943,5OPT_E:1325-1329_1345-1349,5OPT_E:681-685_1303-1307,6AZ1_1:1236-1240_1256-1260,4V88_A6:989-993_1009-1013,4V5O_BA:967-971_987-991,5ZEB_a:758-762_778-782,5V93_a:769-773_789-793,4V88_A6:626-630_967-971,3J7A_A:633-637_1036-1040,6FYY_2:625-629_966-970,3J7P_S2:614-618_897-901,5MRC_aa:843-847_863-867,6FYY_2:981-992_1008-1016,5OQL_1:1210-1214_1552-1556,4V9F_0:1534-1538_1631-1635,6EK0_S2:675-679_1024-1028,5XXU_2:625-629_964-968,5O60_A:1694-1698_1734-1738
E-loop-Sub4,4Y4O_2A:627-631_641-645,5O60_A:698-702_711-715,5V7Q_A:708-712_721-725,4WF9_X:648-652_662-666,6ERI_AA:615-619_629-633,5J7L_DA:605-609_617-621,6HA1_A:649-653_663-667,4V9F_0:655-659_671-675
Extended-hand-Sub1,5XXB_1:3165-3170_3195-3199,4V8P_D1:3042-3047_3072-3076,3J79_A:3439-3443_3468-3472,4V91_1:3054-3059_3084-3088,5TBW_1:2806-2811_2836-2840,5AN9_N:3389-3394_3419-3423,6AZ3_4:81-86_111-115,5T5H_G:47-52_77-81
Hook-turn-Sub1,4WF9_X:1041-1045_1196-1200,5J7L_DA:997-1001_1152-1156,4IOA_X:1008-1012_1163-1167,4Y4O_2A:1042-1046_1197-1201,5O60_A:1115-1119_1271-1275,6HA1_A:1043-1047_1198-1202,6ERI_AA:1025-1029_1179-1183,5MRC_A:923-927_1172-1176,5V7Q_A:1126-1130_1282-1286,6D9J_5:1432-1436_1594-1598,5AN9_N:1403-1407_1563-1567,3J79_A:1294-1298_1455-1459,5XXB_1:1253-1257_1414-1418,5OOL_A:478-482_577-581,4V9F_0:1087-1091_1249-1253,5XY3_1:890-894_1049-1053,4V8P_D1:1193-1197_1354-1358,3J79_A:3486-3490_3511-3515,4V91_1:3103-3107_3127-3131,5XXB_1:3214-3218_3238-3242,5AN9_N:3438-3442_3462-3466,4Y4O_2A:1461-1465_1622-1626,5J7L_DA:1416-1420_1576-1580,4Y4O_2A:1395-1399_1420-1424,5TBW_1:2855-2859_2879-2883,4V8P_D1:3091-3095_3115-3119,6GAZ_AA:300-304_396-400,6EK0_L5:4680-4684_4704-4708,3J7Q_5:3417-3421_3441-3445,6D9J_5:3299-3304_3324-3329,4Y4O_2A:2749-2753_2773-2777,4WF9_X:2764-2768_2788-2792,5MRC_A:3073-3077_3098-3102,4V9F_0:2765-2769_2789-2793,6HA1_A:2766-2770_2790-2794,4Y4O_2A:1514-1518_1564-1567,4IOA_X:2717-2721_2741-2745,6AZ3_4:130-134_154-158,5O60_A:2961-2965_2985-2989,5J7L_DA:2737-2741_2761-2765,5V7Q_A:2975-2979_2999-3003,6ERI_AA:2755-2759_2779-2783,5XY3_1:2553-2557_2578-2582,5T5H_A:1200-1204_1236-1241,4V8P_D1:1557-1561_1609-1614,5XXB_1:1628-1632_1678-1683,5TBW_1:1476-1480_1529-1534,5XY3_1:1244-1248_1261-1266,3J79_A:1680-1684_1727-1732,6AZ3_1:1635-1639_1732-1737,4V91_1:1531-1535_1584-1589,6EK0_L5:2445-2449_2508-2513,3J7Q_5:1910-1914_1973-1978,6D9J_5:1829-1833_1892-1897
Hook-turn-Sub2,6HA1_A:1572-1575_1589-1593,5NGM_Aa:1440-1444_1476-1479,6HA1_a:1438-1442_1474-1477,2XXA_F:30-36_61-65
Hook-turn-Sub3,4V9F_0:2716-2720_2746-2750,5MRC_A:2953-2957_3053-3057,6ERI_AA:2703-2707_2735-2739
Hook-turn-Sub4,5O60_A:2080-2083_2097-2101,4WF9_X:1890-1893_1900-1904,5V7Q_A:2097-2100_2111-2115,6ERI_AA:1873-1876_1887-1891,4V8P_D1:3194-3198_3211-3214,5XXB_1:459-464_536-541,5XY3_1:1727-1732_1745-1750
Hook-turn-Sub5,5XYI_2:809-813_829-833,5XXU_2:986-990_1006-1010
Hook-turn-Sub6,3J9M_AA:419-422_440-443,6GAZ_AA:418-421_439-442
IL-Sub10-Sub1-Sub1,5J7L_AA:1429-1434_1465-1469,6ERI_AA:1559-1562_1575-1579,3J9M_AA:328-332_360-364
IL-Sub10-Sub2-Sub1,6AZ1_1:2096-2100_2121-2125,5O60_A:2072-2076_2105-2109
IL-Sub100-Sub1-Sub1,4V91_1:531-537_552-559,6EK0_L5:745-753_908-917
IL-Sub101-Sub1-Sub1,5J7L_DA:1650-1655_2003-2005,4Y4O_2A:1696-1701_2024-2026,4IOA_X:1667-1672_1986-1988,4WF9_X:1694-1699_2030-2032,6ERI_AA:1686-1691_2017-2019,6HA1_A:1695-1700_2032-2034,4V9F_0:1720-1726_2037-2039,5O60_A:1868-1873_2227-2229,5V7Q_A:1885-1890_2241-2243
IL-Sub102-Sub1-Sub1,6EK0_L5:2831-2836_3850-3852,4V91_1:1882-1887_2346-2348,5XXB_1:1985-1990_2459-2461,5TBW_1:1827-1832_2154-2156,4V8P_D1:1906-1911_2341-2343,3J79_A:2150-2155_2639-2641,5T5H_B:60-65_345-347,5T2A_B:65-70_530-532,6AZ3_2:64-69_591-593,3J7Q_5:2296-2301_2643-2645
IL-Sub103-Sub1-Sub1,6HA1_A:2664-2668_2802-2810,6ERI_AA:2652-2656_2791-2799,5O60_A:2859-2863_2997-3005,5V7Q_A:2873-2877_3011-3019,5XY3_1:2456-2460_2590-2596,4IOA_X:2614-2618_2753-2761,4Y4O_2A:2646-2650_2785-2793,4WF9_X:2662-2666_2800-2808,5J7L_DA:2635-2639_2773-2781
IL-Sub103-Sub2-Sub1,5T5H_G:6-10_107-113,6AZ3_4:30-34_166-172
IL-Sub105-Sub1-Sub1,3J7A_A:882-885_915-918,5XXB_1:466-470_529-534,6D9J_2:107-110_273-276
IL-Sub106-Sub1-Sub1,3J79_A:2715-2717_2942-2945,5XXB_1:2535-2537_2714-2717,5J7L_DA:2080-2082_2235-2238,3J7Q_5:2719-2721_2917-2920,4IOA_X:2063-2065_2214-2217,5MRC_A:1980-1982_2261-2264,6EK0_L5:3926-3928_4180-4183,4V91_1:2422-2424_2604-2607,5TBW_1:2230-2232_2356-2359,6D9J_5:2615-2617_2800-2803
IL-Sub107-Sub1-Sub1,6AZ3_2:667-669_1030-1033,5T2A_B:606-608_967-970,5T5H_B:421-423_542-545,6HA1_A:2109-2111_2264-2267,4V9F_0:2114-2116_2261-2264,4V8P_D1:2417-2420_2591-2595,6D9J_5:459-465_556-563,6D9J_2:486-488_508-515
IL-Sub109-Sub1-Sub1,1J2B_C:25-28_42-46,6D9J_5:2583-2586_3182-3184
IL-Sub110-Sub1-Sub1,5XXB_1:2933-2940_2968-2977,5XY3_1:2278-2285_2313-2322,4V91_1:2823-2830_2858-2867,6D9J_5:3019-3028_3052-3063,3J79_A:3181-3188_3216-3225,4V8P_D1:2810-2817_2845-2854,5TBW_1:2575-2582_2610-2619,6AZ3_2:1260-1267_1295-1304
IL-Sub111-Sub1-Sub1,5AN9_N:3155-3162_3190-3199,6EK0_L5:4399-4406_4434-4443,5T2A_B:1197-1204_1232-1241,3J7Q_5:3136-3143_3171-3180
IL-Sub112-Sub1-Sub1,6EK0_S2:62-67_80-84,3J7P_S2:62-67_80-84
IL-Sub113-Sub1-Sub1,6D9J_2:1193-1195_1226-1228,6EK0_S2:1346-1348_1379-1381,4WF9_Y:5-7_106-108,5BTP_B:6-8_46-48,6D9J_5:2638-2640_2691-2693
IL-Sub114-Sub1-Sub1,6D9J_5:767-770_777-780,5XYI_2:1165-1167_1172-1174,5XY3_1:2171-2174_2188-2191
IL-Sub115-Sub1-Sub1,5F5F_F:4-6_13-15,5F5F_B:4-6_13-15
IL-Sub116-Sub2-Sub1,6AZ1_1:37-40_513-517,6EK0_S2:36-39_513-517,6D9J_2:36-39_437-441,5OPT_E:38-41_518-522,3J7P_S2:36-39_452-456
IL-Sub120-Sub1-Sub1,4OQU_A:23-26_45-47,3V7E_C:43-46_87-89,4KQY_A:45-48_77-79,6ERI_BA:544-546_586-590,5FJC_A:43-46_55-57,4AOB_A:43-46_55-57,2YGH_A:43-46_55-57
IL-Sub122-Sub1-Sub1,4WF9_X:1756-1760_1767-1771,5OQL_1:972-974_989-991
IL-Sub123-Sub1-Sub1,5O60_A:2062-2065_2116-2117,5XXB_3:26-28_47-51,6ASO_I:3-6_65-68,6ERI_AA:1855-1858_1906-1907,6D9J_7:27-28_47-50,6HA1_A:1874-1877_1921-1922
IL-Sub124-Sub1-Sub1,6HA1_B:25-26_46-49,5XYM_B:30-31_51-54,4IOA_Y:31-32_52-55
IL-Sub125-Sub1-Sub1,6EK0_L5:386-389_400-413,3J7Q_5:386-389_400-413,5XXB_1:383-386_397-409,5J7L_DA:480-483_495-508,4IOA_X:491-494_505-518,4V9F_0:479-482_494-507,5XY3_1:348-351_363-375,6D9J_5:380-383_394-407,6AZ3_1:414-417_428-441,5T5H_A:362-365_376-388,4Y4O_2A:505-508_519-532,6ERI_AA:492-495_506-519,6HA1_A:527-530_541-554,4WF9_X:526-529_540-553,4V8P_D1:374-377_388-399,3J79_A:384-387_398-412
IL-Sub125-Sub2-Sub1,4V91_1:375-378_389-402,5O60_A:568-571_582-595,5TBW_1:373-376_387-400,5V7Q_A:569-572_583-596
IL-Sub126-Sub1-Sub1,5J7L_AA:1157-1159_1175-1180,5ZEB_a:1138-1140_1156-1161,6ERI_BA:1105-1109_1121-1128,4LFB_A:1140-1142_1157-1162,6HA1_a:1165-1167_1183-1188,5XYI_2:1195-1198_1214-1220,3J7A_A:1634-1636_1652-1657,5V93_a:1149-1151_1167-1172,6AZ1_1:1787-1789_1807-1812,5XXU_2:1384-1386_1402-1407
IL-Sub127-Sub1-Sub1,6FYY_2:1386-1388_1404-1409,4V88_A6:1388-1390_1406-1411,4V5O_BA:1358-1360_1377-1382
IL-Sub13-Sub1-Sub1,5XXB_1:3424-3427_3440-3443,6D9J_5:3543-3546_3556-3559,6EK0_L5:5013-5016_5031-5034,3J79_A:3733-3736_3751-3754,3J7Q_5:3666-3669_3684-3687,4V91_1:3342-3345_3360-3363,5XY3_1:2702-2705_2720-2723
IL-Sub130-Sub1-Sub1,6EK0_S2:1702-1704_1828-1831,5MRC_aa:1469-1471_1588-1591,5J7L_AA:1401-1403_1496-1499,5XYI_2:1444-1446_1539-1542,5ZEB_a:1384-1386_1480-1483,6HA1_a:1409-1411_1505-1508,6ERI_BA:1350-1352_1445-1448,6AZ1_1:2058-2060_2162-2165,3J7P_S2:1575-1577_1701-1704,4V5O_BA:1610-1612_1712-1715,3J7A_A:1935-1937_2051-2054,5V93_a:1394-1397_1488-1492,6GAZ_AA:845-847_922-925,4LFB_A:1384-1386_1474-1477,4V88_A6:1638-1640_1759-1762,3J9M_AA:838-840_914-917,6FYY_2:1636-1638_1757-1760,5XXU_2:1636-1638_1750-1753,5OPT_E:2173-2175_2278-2281,5XY3_1:934-936_1013-1015
IL-Sub133-Sub1-Sub1,3J79_A:3389-3392_3523-3529,5XXB_1:3115-3118_3250-3256
IL-Sub137-Sub1-Sub1,5TC1_R:2782-2786_2790-2793,3J7P_S2:970-974_1002-1006
IL-Sub138-Sub1-Sub1,3J7Q_5:1134-1137_1208-1211,3KTW_C:3-5_91-93,3J7Q_5:3272-3274_3283-3286,3J7Q_5:2306-2308_2636-2638,3J7P_S2:1432-1434_1445-1447
IL-Sub139-Sub1-Sub1,3J7Q_5:1756-1758_1804-1806,3J7Q_5:2814-2817_2900-2904,3J7P_S2:23-28_583-588,5MRC_bb:49-51_61-63
IL-Sub140-Sub1-Sub1,5V93_a:1041-1045_1196-1198,5NGM_Aa:1061-1065_1214-1216
IL-Sub141-Sub1-Sub1,6HA1_a:1447-1450_1467-1469,4Y4O_2A:310-312_372-375
IL-Sub142-Sub1-Sub1,4V88_A6:63-68_81-85,6FYY_2:63-68_81-85,6AZ1_1:63-68_79-83,5XXU_2:63-68_80-84,3J7A_A:63-67_83-87,5OPT_E:64-69_79-83,5OQL_1:650-655_667-671
IL-Sub143-Sub1-Sub1,4V88_A6:1275-1277_1429-1435,6FYY_2:1274-1276_1427-1433,6EK0_S2:1332-1334_1491-1497,4V5O_BA:1247-1249_1400-1406,5XYI_2:1083-1085_1238-1244,6AZ1_1:1627-1629_1830-1836,5OPT_E:1744-1746_1945-1951,3J7A_A:1376-1378_1675-1681
IL-Sub144-Sub1-Sub1,4LFB_A:1039-1040_1180-1184,5J7L_AA:1056-1057_1198-1202,6HA1_a:1065-1066_1206-1210,6ERI_BA:1005-1006_1146-1150,5ZEB_a:1036-1037_1179-1183,5V93_a:1047-1048_1190-1194,5XXU_2:1269-1272_1425-1432
IL-Sub145-Sub1-Sub1,6FYY_2:744-746_800-804,6AZ1_1:845-847_902-906
IL-Sub146-Sub1-Sub1,3J7A_A:368-370_381-386,6FYY_2:361-363_374-379,5XXU_2:362-364_375-380,4V88_A6:362-364_375-380,4V5O_BA:353-355_366-371,6AZ1_1:405-407_418-423,6EK0_S2:410-412_423-428,5OPT_E:410-412_423-428,6D9J_2:334-336_347-352
IL-Sub147-Sub1-Sub1,4V9F_0:2323-2325_2343-2347,5O60_A:2520-2522_2540-2544,4WF9_X:2323-2325_2343-2347,5OQL_1:1097-1099_1119-1126,6HA1_A:2325-2327_2345-2349
IL-Sub148-Sub1-Sub1,6AZ3_2:1092-1094_1112-1116,5TBW_1:2418-2420_2438-2442,5T2A_B:1029-1031_1049-1053,4V91_1:2666-2668_2686-2690,6EK0_L5:4242-4244_4262-4266,3J79_A:3004-3006_3024-3028,5AN9_N:2998-3000_3018-3022,3J7Q_5:2979-2981_2999-3003,5XXB_1:2776-2778_2796-2800,5T5H_B:604-606_617-621,4Y4O_2A:891-895_971-974,4V8P_D1:2654-2656_2674-2678,6D9J_5:2862-2864_2882-2886,4IOA_X:2275-2277_2295-2299,5XY3_1:2119-2121_2139-2143,5TBW_1:1484-1486_1495-1501
IL-Sub152-Sub1-Sub1,3U4M_B:5-15_73-74,5ML7_B:11-21_83-84
IL-Sub154-Sub1-Sub1,5V93_a:448-453_467-473,5OQL_1:493-495_501-503
IL-Sub155-Sub1-Sub1,5J7L_AA:449-454_476-482,3J7Q_5:608-612_657-667
IL-Sub156-Sub1-Sub1,5NGM_Aa:1128-1130_1162-1164,2XXA_F:18-20_77-80
IL-Sub157-Sub1-Sub1,5T5H_A:439-441_447-454,6GAW_BA:605-607_624-627
IL-Sub157-Sub2-Sub1,5MRC_aa:989-993_1455-1458,5XY3_1:730-733_766-769
IL-Sub158-Sub1-Sub1,4WF9_X:2548-2549_2566-2569,4IOA_X:2500-2501_2518-2521,4Y4O_2A:2532-2533_2550-2553,5J7L_DA:2521-2522_2539-2542,4V9F_0:2549-2550_2567-2570,6HA1_A:2550-2551_2568-2571,6ERI_AA:2538-2539_2556-2559,5V7Q_A:2758-2760_2777-2781
IL-Sub159-Sub1-Sub1,3J79_A:3249-3250_3267-3270,5XXB_1:3001-3002_3019-3022,5AN9_N:3223-3224_3241-3244,4V8P_D1:2878-2879_2896-2899,5XY3_1:2346-2347_2364-2367,5O60_A:2745-2746_2763-2766
IL-Sub16-Sub4-Sub1,6HA1_A:1391-1393_1414-1417,4IOA_X:1365-1367_1388-1391,4WF9_X:1389-1391_1412-1415,5O60_A:1467-1469_1490-1493,6ERI_AA:1373-1375_1396-1399,5J7L_DA:1352-1354_1375-1378,5V7Q_A:1483-1485_1506-1509
IL-Sub160-Sub1-Sub1,6AZ3_2:1328-1329_1346-1349,6EK0_L5:4467-4468_4485-4488,4V91_1:2891-2892_2909-2912
IL-Sub161-Sub1-Sub1,6AHD_H:111-113_143-145,5XJC_H:111-113_143-145
IL-Sub162-Sub1-Sub1,5TBW_1:1647-1650_1682-1686,4V91_1:1702-1705_1737-1741
IL-Sub163-Sub1-Sub1,6EK0_L5:1356-1359_1378-1381,6D9J_5:914-917_933-936
IL-Sub165-Sub1-Sub1,6EK0_L5:4624-4628_4668-4671,5TBW_1:2799-2803_2843-2846,5XXB_1:3158-3162_3202-3205,4V91_1:3047-3051_3091-3094,5AN9_N:3382-3386_3426-3429,3J7Q_5:3361-3365_3405-3408,6D9J_5:3244-3248_3288-3291,5T5H_G:40-44_84-87
IL-Sub17-Sub1-Sub1,5O60_A:1747-1750_1761-1765,6HA1_A:1892-1895_1902-1906,6HA1_A:1755-1760_1771-1775
IL-Sub170-Sub1-Sub1,5J7L_AA:1123-1126_1144-1148,6HA1_a:1132-1135_1152-1156,6ERI_BA:1072-1075_1092-1096
IL-Sub170-Sub2-Sub1,5V93_a:1114-1118_1135-1140,5ZEB_a:1103-1107_1124-1129
IL-Sub171-Sub1-Sub1,6AZ3_1:241-242_246-256,5T5H_A:210-211_215-225
IL-Sub172-Sub1-Sub1,5TBW_AS:25-26_52-56,5XXB_3:25-26_51-55,4V9F_9:26-27_53-57,6AZ3_8:25-26_51-55,3J79_B:25-26_51-55,4V91_3:25-26_52-56,4V8P_C3:25-26_51-55,5T5H_D:25-26_51-55,5V7Q_B:26-27_53-57,6HA1_B:23-24_50-54,6EK0_L7:25-26_51-55,5XY3_3:24-25_51-55,4WF9_Y:25-26_52-56,6DZI_B:28-29_55-59,6DZP_B:28-29_55-59
IL-Sub173-Sub1-Sub1,4V91_3:27-28_48-51,5TBW_AS:27-28_48-51
IL-Sub174-Sub1-Sub1,3J7Q_5:162-166_267-271,2IL9_A:96-100_129-133,3J7P_S2:116-120_281-284,3J7P_S2:472-475_484-487
IL-Sub175-Sub1-Sub1,5IB8_1L:1-4_67-70,5IBB_1L:1-4_67-70
IL-Sub176-Sub1-Sub1,4KZD_R:24-28_52-62,5OB3_A:17-21_44-54
IL-Sub177-Sub1-Sub1,5OOL_A:926-937_953-956,6GAW_BA:928-939_955-958
IL-Sub178-Sub1-Sub1,5J7L_DA:1933-1944_1960-1963,4Y4O_2A:1954-1965_1981-1984,5O60_A:2157-2168_2184-2187,6ERI_AA:1947-1958_1974-1977,5MRC_A:1833-1844_1860-1863,4WF9_X:1960-1971_1987-1990,6HA1_A:1962-1973_1989-1992,6D9J_5:2469-2481_2495-2499
IL-Sub179-Sub1-Sub1,6EK0_L5:3780-3791_3807-3810,5T2A_B:460-471_487-490,4V91_1:2276-2287_2303-2306,5TBW_1:2084-2095_2111-2114,5AN9_N:2542-2553_2569-2572,3J79_A:2569-2580_2596-2599,4V9F_0:1967-1978_1994-1997,5T5H_B:275-286_302-305,6AZ3_2:521-532_548-551,4V8P_D1:2271-2282_2298-2301
IL-Sub186-Sub1-Sub1,5J7L_DB:33-37_43-47,4IOA_Y:35-39_45-49
IL-Sub187-Sub1-Sub1,4V9F_9:32-36_42-46,5NS3_C:9-13_19-23,4V8P_C3:31-35_40-44,1MJI_D:8-12_18-22,3J79_B:31-35_40-44,6HA1_B:29-33_39-43,6EK0_L7:31-35_40-44,5TBW_AS:31-35_40-44,5FDV_1B:33-37_43-47,5XYM_B:34-38_44-48,5T5H_D:31-35_40-44,4WF9_Y:31-35_41-45,4V91_3:31-35_40-44,3J7O_7:31-35_40-44,5XY3_3:30-34_40-44,6D9J_7:31-35_40-44,5XXB_3:31-35_40-44,6AZ3_8:31-35_40-44,6DZI_B:34-38_44-48,6DZP_B:34-38_44-48,5V7Q_B:32-36_42-46
IL-Sub188-Sub1-Sub1,5J7L_DB:23-27_55-58,5FDV_1B:23-27_55-58
IL-Sub189-Sub1-Sub1,4M4O_B:25-27_38-40,4M6D_H:18-20_31-33
IL-Sub191-Sub1-Sub1,4V91_1:2205-2209_2234-2236,5TBW_1:2013-2017_2042-2044
IL-Sub192-Sub1-Sub1,4PDB_I:9-12_27-28,4V8P_D1:2201-2204_2229-2230,3J7Q_5:3648-3649_3704-3707
IL-Sub193-Sub1-Sub1,5J7L_AA:439-440_492-496,5ZEB_a:439-441_471-476,5V93_a:438-439_483-487
IL-Sub194-Sub1-Sub1,3J7P_S2:40-46_417-419,4V88_A6:41-47_430-432,3J7A_A:41-47_436-438,6AZ1_1:41-47_473-475,5OPT_E:42-48_478-480
IL-Sub194-Sub2-Sub1,5ZEB_a:50-55_358-360,5J7L_AA:46-51_358-360,6HA1_a:47-52_365-367,5NGM_Aa:47-52_366-368,6ERI_BA:47-52_329-331
IL-Sub195-Sub1-Sub1,5J7L_AA:1128-1131_1141-1142,5ZEB_a:1108-1111_1122-1123,5V93_a:1119-1122_1133-1134,5J7L_AA:69-72_96-97
IL-Sub196-Sub1-Sub1,4N0T_B:9-29_58-62,6ASO_I:9-29_58-62
IL-Sub202-Sub1-Sub1,5J7L_DA:1017-1023_1139-1143,4Y4O_2A:1062-1068_1183-1188,6HA1_A:1063-1069_1185-1189,4WF9_X:1061-1067_1183-1187,6ERI_AA:1045-1051_1166-1170,4V9F_0:1107-1113_1235-1240,5MRC_A:942-948_1105-1119,5O60_A:1135-1141_1257-1262,4IOA_X:1028-1034_1149-1154,5V7Q_A:1146-1152_1268-1273
IL-Sub203-Sub1-Sub1,3JAN_4:149-155_180-184,6FRK_1:180-186_211-215
IL-Sub209-Sub1-Sub1,4M4O_B:14-22_43-44,4M6D_H:7-15_36-37,4FRG_B:5-14_75-77,4FRN_B:5-13_74-75
IL-Sub210-Sub1-Sub1,4P8Z_A:71-74_85-93,4P95_A:97-100_111-119
IL-Sub211-Sub1-Sub1,6AZ3_2:1143-1147_1163-1166,5T2A_B:1080-1084_1100-1103
IL-Sub212-Sub1-Sub1,4LFB_A:970-974_1026-1027,6ERI_BA:941-945_992-993,5ZEB_a:974-978_1023-1024,5NGM_Aa:1001-1005_1054-1055,5V93_a:985-989_1034-1035,5J7L_AA:992-996_1043-1044,6HA1_a:1001-1005_1052-1053
IL-Sub215-Sub1-Sub1,6GAZ_AA:616-617_683-687,3J9M_AA:614-615_681-685
IL-Sub218-Sub1-Sub1,3SKI_A:9-12_30-37,3SKL_B:8-11_29-36
IL-Sub219-Sub1-Sub1,6HA1_A:1865-1868_1930-1931,5J7L_DA:1836-1839_1901-1902,5O60_A:2053-2056_2125-2126,5V7Q_A:2070-2073_2139-2140
IL-Sub220-Sub1-Sub1,5XYI_2:1079-1083_1244-1246,6FYY_2:1270-1274_1433-1435,3J7A_A:1372-1376_1681-1683,3J7P_S2:1201-1205_1370-1372
IL-Sub221-Sub1-Sub1,5XXU_2:1224-1225_1248-1251,4V5O_BA:1201-1202_1225-1228
IL-Sub222-Sub1-Sub1,5T2A_B:1134-1147_1161-1162,6AZ3_2:1197-1210_1224-1225
IL-Sub223-Sub1-Sub1,5MRC_aa:1103-1104_1230-1234,5NGM_Aa:1067-1068_1208-1212
IL-Sub224-Sub1-Sub1,3J79_A:3582-3590_3612-3618,5XXB_1:3290-3298_3308-3313
IL-Sub225-Sub1-Sub1,5TBW_1:2931-2939_2957-2962,4V91_1:3179-3187_3205-3210
IL-Sub226-Sub1-Sub1,6AZ3_1:1744-1745_1757-1762,5T5H_A:1248-1249_1261-1266
IL-Sub228-Sub1-Sub1,4XNR_X:9-12_32-39,1Y26_X:9-12_32-39,1Y27_X:8-11_31-38,3RKF_C:7-10_30-37,4FEN_B:7-11_29-37,4LX6_A:9-12_32-39,3LA5_A:9-12_32-39
IL-Sub23-Sub1-Sub1,5T5H_A:579-582_589-593,6AZ3_1:773-776_799-803
IL-Sub230-Sub1-Sub1,5T2A_B:703-709_945-949,6AZ3_2:764-770_1008-1012,5T5H_B:456-462_520-524
IL-Sub230-Sub2-Sub1,3J7Q_5:2817-2824_2897-2900,6D9J_5:2712-2719_2780-2784
IL-Sub231-Sub1-Sub1,4V91_1:2520-2526_2584-2587,5TBW_1:2272-2278_2336-2339
IL-Sub234-Sub1-Sub1,6FYY_2:203-204_257-260,4V88_A6:204-205_258-261
IL-Sub237-Sub1-Sub1,6EK0_S2:56-61_85-87,5XXU_2:57-62_85-87,6FYY_2:57-62_86-88,4V88_A6:57-62_86-88,6AZ1_1:57-62_84-86,4V5O_BA:57-61_82-83,5OPT_E:58-63_84-86,6D9J_2:56-61_85-87
IL-Sub238-Sub1-Sub1,3J9M_AA:114-117_129-130,6GAZ_AA:115-118_132-133
IL-Sub24-Sub2-Sub1,3JAN_4:158-162_173-177,6FRK_1:189-193_204-208
IL-Sub24-Sub4-Sub1,6HA1_A:2715-2719_2746-2750,4WF9_X:2713-2717_2744-2748,5J7L_DA:2686-2690_2717-2721,5V7Q_A:2924-2928_2955-2959
IL-Sub241-Sub1-Sub1,4V8P_D1:1924-1929_2327-2330,6EK0_L5:2849-2854_3836-3839,5J7L_DA:1668-1673_1989-1992
IL-Sub242-Sub1-Sub1,5XXB_1:2508-2510_3091-3094,5XY3_1:1913-1915_2435-2438,6EK0_L5:3899-3901_4557-4560,6AZ3_2:640-642_1418-1421,5TBW_1:2203-2205_2733-2736,5AN9_N:2661-2663_3313-3316,4V91_1:2395-2397_2981-2984,3J79_A:2688-2690_3339-3342,4V8P_D1:2390-2392_2968-2971,5T5H_B:394-396_864-867,3J7Q_5:2688-2694_3294-3300
IL-Sub243-Sub1-Sub1,3D0M_X:6-8_9-11,3CZW_X:6-8_9-11
IL-Sub245-Sub1-Sub1,5J7L_DA:2069-2070_2437-2440,6ERI_AA:2083-2084_2454-2457
IL-Sub246-Sub1-Sub1,5TBW_1:2219-2220_2559-2562,4Y4O_2A:2090-2091_2448-2451,4V8P_D1:2406-2407_2794-2797,5AN9_N:2677-2678_3139-3142,3J7Q_5:2708-2709_3120-3123,5T2A_B:595-596_1181-1184,5T5H_B:410-411_737-740,6GAW_BA:1064-1065_1260-1263,5OOL_A:1062-1063_1254-1257,5O60_A:2292-2293_2661-2664,4V9F_0:2103-2104_2465-2468,4IOA_X:2052-2053_2416-2419,4WF9_X:2096-2097_2464-2467,6HA1_A:2098-2099_2466-2469,6EK0_L5:3915-3916_4383-4386,5XXB_1:2524-2525_2917-2920,3J79_A:2704-2705_3165-3168,5XY3_1:1929-1930_2262-2265,4V91_1:2411-2412_2807-2810,5V7Q_A:2305-2307_2675-2679,6D9J_5:2604-2605_3003-3006
IL-Sub249-Sub1-Sub1,3MXH_R:53-56_69-70,3IWN_A:50-53_70-71
IL-Sub25-Sub2-Sub1,6D9J_2:599-605_869-875,6D9J_2:893-897_913-917,5OPT_E:2079-2083_2094-2098
IL-Sub3-Sub1-Sub1,6ERI_AA:866-871_923-928,5V7Q_A:985-990_1043-1048
IL-Sub3-Sub2-Sub1,6ERI_AA:1223-1228_1258-1262,5V93_a:444-448_473-478
IL-Sub30-Sub1-Sub1,5OPT_E:1320-1324_1350-1351,5XXU_2:981-985_1011-1012
IL-Sub31-Sub2-Sub1,5TBW_1:1589-1593_1750-1754,5J7L_DA:2296-2298_2316-2320,5XXB_1:1738-1742_1907-1911,4IOA_X:1425-1429_1597-1604
IL-Sub35-Sub1-Sub1,4V8P_D1:858-862_879-883,3J79_A:951-956_973-979,6HA1_A:2157-2164_2183-2187,5J7L_DA:2806-2810_2888-2890
IL-Sub36-Sub1-Sub1,3J79_A:1799-1803_2027-2031,4V91_1:1644-1648_1805-1809,3U4M_B:24-31_50-54,5V7Q_A:1954-1957_1969-1973
IL-Sub37-Sub1-Sub1,5J7L_DA:1850-1858_1882-1890,4IOA_X:1842-1846_1869-1873,3PDR_X:45-49_62-66
IL-Sub39-Sub1-Sub1,5TBW_1:703-707_712-716,4V91_1:758-762_767-771,5O60_A:991-994_1012-1015
IL-Sub40-Sub1-Sub1,4WF9_X:1877-1881_1913-1917,6ERI_AA:1860-1864_1900-1904,6HA1_A:1879-1883_1915-1919
IL-Sub41-Sub1-Sub1,6AZ3_2:455-459_474-478,5T2A_B:394-398_413-417
IL-Sub42-Sub1-Sub1,3OXE_A:37-41_60-65,3P49_A:126-130_143-148,4V9F_0:1899-1904_1919-1924,5V7Q_A:2084-2088_2124-2128
IL-Sub42-Sub2-Sub1,3J79_A:2503-2507_2522-2526,6EK0_L5:3714-3719_3732-3737,4Y4O_2A:1880-1884_1907-1911
IL-Sub43-Sub1-Sub1,5TBW_1:2018-2023_2036-2041,4V8P_D1:2205-2210_2223-2228
IL-Sub43-Sub2-Sub1,6AZ3_7:121-125_136-140,2R8S_R:113-117_150-154
IL-Sub44-Sub1-Sub1,5XXB_1:3271-3273_3372-3374,6AZ1_1:1965-1968_1979-1982,6FYY_2:546-548_586-588,5V7Q_A:2307-2309_2673-2675,5FLX_z:66-68_97-99,1M5K_B:71-73_78-80
IL-Sub45-Sub1-Sub1,6FYY_2:820-822_846-848,5NGM_Aa:597-599_654-656,6EK0_L5:4637-4639_4658-4660,4V88_A6:821-823_847-849,4V88_A6:1289-1291_1322-1324
IL-Sub46-Sub1-Sub1,6ERI_BA:127-129_159-161,6AZ1_1:1641-1643_1674-1676,6AHU_A:196-198_207-209,6CHR_A:79-81_96-98,3J79_A:1826-1828_1995-1997,3IGI_A:304-306_311-313
IL-Sub47-Sub1-Sub1,5J7L_AA:143-145_175-177,4WF9_X:1242-1244_1276-1278,3J79_B:81-84_91-93
IL-Sub48-Sub1-Sub1,3J79_A:443-445_700-702,6ERI_BA:896-898_1178-1180
IL-Sub50-Sub1-Sub1,6D9J_2:1440-1444_1467-1471,6D9J_2:1578-1582_1615-1619,5V93_a:1294-1298_1321-1325
IL-Sub51-Sub1-Sub1,5XXB_1:808-811_831-835,3J79_A:826-830_862-867,6D9J_5:976-979_1006-1010
IL-Sub52-Sub1-Sub1,4QK9_A:28-32_98-102,4W90_C:27-31_101-105,4QLM_A:26-30_96-100,4QK8_A:25-29_94-98
IL-Sub55-Sub1-Sub1,5ZWN_P:335-337_485-487,4WF9_Y:2-4_109-111,5OPT_E:154-156_166-168,6ERI_BA:1068-1070_1098-1100,6ERI_BA:718-720_753-755,6D9J_2:945-949_975-979,5MRC_A:536-538_545-547,4V88_A6:1687-1689_1710-1712,5XXU_2:22-25_598-600
IL-Sub56-Sub1-Sub1,5T5H_A:674-676_685-687,1RLG_D:1-3_21-23,5OQL_1:136-138_198-200
IL-Sub56-Sub2-Sub1,2CSX_C:2-4_68-70,6EK0_S2:878-880_904-906
IL-Sub57-Sub1-Sub1,6EK0_S2:151-153_163-165,6FYY_2:148-150_160-162,5XXU_2:145-148_156-159,6D9J_2:141-144_152-155
IL-Sub58-Sub1-Sub1,5MRC_aa:1274-1276_1331-1333,5MRC_A:3162-3164_3239-3241,5J7L_DA:2103-2105_2182-2184
IL-Sub58-Sub2-Sub1,5V93_a:133-135_221-223,6GSK_3L:49-51_61-63,5V7Q_A:282-290_299-304
IL-Sub6-Sub1-Sub1,5TBW_1:1111-1114_1273-1276,4V91_1:1166-1170_1327-1331,6EK0_L5:1904-1908_2066-2070,3J7Q_5:1480-1484_1642-1646,6AZ3_1:1221-1225_1394-1398,5T5H_A:931-934_992-995
IL-Sub6-Sub2-Sub1,5V7Q_A:1674-1677_1787-1791,6ERI_AA:1457-1460_1584-1588,5V7Q_B:69-77_92-100
IL-Sub6-Sub3-Sub1,4IOA_X:1450-1453_1566-1570,5J7L_DA:1436-1439_1550-1554,6HA1_A:1482-1485_1598-1602,5U3G_B:5-8_29-34
IL-Sub61-Sub1-Sub1,6D9J_5:3256-3259_3278-3281,3J7Q_5:3374-3376_3395-3397
IL-Sub62-Sub1-Sub1,5V93_a:1250-1254_1263-1267,4V88_A6:703-706_730-733
IL-Sub67-Sub1-Sub1,3J7A_A:147-149_159-161,3J79_A:1820-1822_2002-2004,6EK0_S2:1100-1102_1128-1130,6F4H_D:0-2_19-21
IL-Sub68-Sub1-Sub1,3J7A_A:394-396_411-413,6FYY_2:387-389_404-406,6EK0_S2:436-438_453-455,5XXU_2:388-390_405-407,6AZ1_1:431-433_448-450,3J7P_S2:375-377_392-394,6D9J_2:360-362_377-379,4V88_A6:388-390_405-407,5OPT_E:436-438_453-455,5XXU_2:1149-1151_1618-1620,6EK0_L5:4579-4581_4720-4722
IL-Sub69-Sub1-Sub1,5OQL_1:733-735_745-747,5V93_a:1000-1002_1011-1013
IL-Sub7-Sub1-Sub1,5FDV_1B:70-78_97-105,5J7L_DB:70-78_96-104,4IOA_Y:72-80_99-107,6HA1_B:66-74_92-100
IL-Sub70-Sub1-Sub1,1M5K_B:19-22_60-62,3GS5_C:5-11_22-30
IL-Sub72-Sub1-Sub1,6ERI_AA:302-304_351-355,4Y4O_2A:315-317_365-369,6HA1_A:335-337_386-390,5O60_A:373-375_424-428,5V7Q_A:374-376_425-429
IL-Sub73-Sub1-Sub1,6EK0_L5:4581-4584_4716-4720,5AN9_N:3339-3342_3474-3478,3J7Q_5:3318-3321_3453-3457,6D9J_5:3202-3204_3336-3340,6AHU_A:178-184_219-222
IL-Sub74-Sub1-Sub1,5TBW_1:2756-2759_2891-2896,4V91_1:3004-3007_3139-3144
IL-Sub78-Sub1-Sub1,5OOL_A:668-672_752-755,6GAW_BA:671-675_754-757
IL-Sub79-Sub1-Sub1,4QK9_A:42-43_92-95,4W90_C:57-58_95-98
IL-Sub82-Sub1-Sub1,5VZL_B:86-88_95-97,5F9R_A:86-88_95-97
IL-Sub83-Sub1-Sub1,6AZ1_1:148-153_169-175,4V88_A6:143-148_164-170,6EK0_S2:145-150_166-172,6FYY_2:142-147_163-169,5OPT_E:148-153_169-175,5NGM_Aa:147-152_167-173,4V5O_BA:137-142_158-164,3J7A_A:140-146_162-169,5XXU_2:139-144_160-166,6ERI_BA:131-136_151-157,5XYI_2:136-141_157-164,6D9J_2:135-140_156-162,4LFB_A:142-147_162-168,5OQL_1:727-732_748-755,5J7L_AA:147-152_167-173,6HA1_a:145-150_165-171,5ZEB_a:144-149_164-170,5V93_a:143-148_163-169
IL-Sub9-Sub1-Sub1,6DLR_A:11-14_44-49,6DME_A:10-13_39-44,6CK5_A:12-15_45-50,5T83_A:12-15_42-47
IL-Sub9-Sub2-Sub1,6DZI_B:71-79_94-102,6DZP_B:71-79_94-102
IL-Sub90-Sub1-Sub1,5MRC_A:1756-1763_1785-1792,2Z75_B:80-87_102-110
IL-Sub91-Sub1-Sub1,3J7A_A:520-522_542-549,5OPT_E:564-566_590-597
IL-Sub92-Sub1-Sub1,4V90_AV:10-12_21-23,6ERI_BA:606-608_691-693,3J7A_A:880-882_918-920,6ERI_BA:625-627_657-659,6FYY_2:823-825_843-845,6HCJ_q3:10-12_19-21,6ERI_BA:628-630_654-656,6HA1_a:67-69_96-98
IL-Sub93-Sub1-Sub1,5OPT_E:802-815_829-834,5MRC_aa:724-728_806-808
IL-Sub96-Sub1-Sub1,4WF9_X:1515-1520_1558-1563,6D9J_2:1592-1594_1601-1603,5TBW_1:1504-1507_1520-1523
IL-Sub98-Sub1-Sub1,6DZI_B:23-28_59-60,6DZP_B:23-28_59-60,3J79_B:20-25_55-56,5XY3_3:19-24_55-56,5XYM_B:23-28_59-60,6HA1_B:18-23_54-55
IL-Sub99-Sub1-Sub1,5AN9_N:2688-2690_2936-2939,4WF9_X:2107-2109_2262-2265,5V7Q_A:2317-2319_2473-2476,4Y4O_2A:2101-2103_2246-2249,5O60_A:2303-2305_2459-2462
Kink-turn-Sub1,5J7L_DA:1042-1049_1108-1111,4V9F_0:1139-1146_1205-1208,4WF9_X:80-84_96-103,5XYI_2:714-718_729-736,5XXU_2:891-895_906-913,3RW6_H:10-17_42-49,6HA1_a:691-695_706-713,5OPT_E:1230-1234_1245-1252,6D9J_2:797-802_813-821,6HA1_A:1088-1095_1154-1157,5O60_A:1160-1167_1226-1229,5AN9_N:1452-1460_1517-1521,6EK0_S2:951-955_966-973,4Y4O_2A:78-82_94-101,6HA1_A:80-84_96-103,4IOA_X:80-83_95-101,6D9J_5:1484-1492_1549-1553,4V8P_D1:1244-1251_1310-1313,5O60_A:77-81_94-101,6ERI_AA:79-83_95-102,5V7Q_A:80-84_97-104,5V7Q_A:1171-1179_1236-1240,6FYY_2:893-897_908-915,5TBW_1:1162-1170_1227-1231,4V88_A6:894-898_909-916,5DCV_D:17-24_31-34,4IOA_X:1053-1061_1118-1122,6ERI_AA:1070-1078_1135-1139,5OQL_1:1478-1483_1494-1502,4V91_1:1217-1225_1282-1286,6HIW_CA:96-101_122-130,3J7A_A:962-967_978-986,6AZ1_1:1141-1145_1156-1163,5J7L_AA:683-687_698-705,4LFB_A:667-671_682-689,6ERI_BA:631-635_646-653,5ZEB_a:663-667_678-685,5V93_a:674-678_689-696,5XYI_2:242-247_277-284,6EK0_S2:358-363_395-402,4GXY_A:81-85_138-145,6AZ1_1:352-359_391-400,5VOE_A:5-10_26-30,4V88_A6:310-315_347-354,5ZEB_a:241-246_276-283,3J7P_S2:297-302_334-341,4GMA_Z:92-96_142-149,4V9F_0:69-73_85-92,4AOB_A:17-20_30-36,3J7Q_5:1532-1542_1595-1601,3J7Q_5:2506-2514_2523-2531,6FYY_2:309-314_346-353,5J7L_AA:241-246_276-283,3J7A_A:316-321_353-360,5XXU_2:310-315_347-354,6HA1_a:248-253_283-290,5OPT_E:359-364_396-403,5NGM_Aa:249-254_284-291,5OQL_1:894-899_931-938,6ERI_BA:212-217_247-254,4V5O_BA:301-306_338-345,5NGM_Aa:691-695_706-713,5MRC_aa:748-752_764-771,6EK0_L5:2301-2308_2328-2332,5XXB_1:1484-1491_1511-1515,4V8P_D1:1413-1420_1440-1444,3V7E_C:16-20_30-37,6D9J_5:1101-1105_1122-1126,6D9J_5:1685-1692_1712-1716,4WF9_X:1245-1252_1271-1275,4IOA_X:1220-1227_1246-1250,5O60_A:1321-1328_1348-1352,3NVI_F:3-6_13-19,3NMU_E:13-16_23-29,4BW0_A:2-6_15-22,5J7L_DA:1207-1214_1233-1237,3J7Q_5:1766-1773_1793-1797,2OZB_C:8-14_22-25,4Y4O_2A:1251-1258_1278-1282,3J79_A:1535-1542_1562-1566,5OQL_2:111-114_189-195,6ERI_AA:1228-1235_1254-1258,5V7Q_A:1338-1345_1364-1368,3NVK_K:13-16_23-29,1E7K_C:2-8_16-19,4C4W_H:2-6_25-32,3SIU_F:5-11_19-22,6AHD_I:27-33_41-44,3Q3Z_V:9-15_48-51,5D8H_A:2-9_68-71,3J79_A:1867-1873_1883-1889,4LCK_F:5-11_93-96,5Y7M_D:15-22_27-31,3J7Q_5:2120-2126_2136-2142,5XY3_1:1101-1108_1127-1131,4V9F_0:1304-1311_1330-1334,6HA1_A:1247-1254_1273-1277,4KQY_A:17-21_31-38,4V88_A6:1223-1230_1253-1258,6AZ3_1:1474-1482_1500-1506,5T5H_A:1056-1064_1082-1088,1RLG_D:4-7_14-20,5OQL_2:79-85_262-265,5FJ4_H:2-6_25-32,5XTM_B:15-22_29-32,5XTM_D:15-22_29-32,5XY3_1:1384-1390_1400-1406,6EK0_L5:2655-2661_2671-2677,6D9J_5:2039-2045_2055-2061,5TBW_1:1332-1339_1359-1363,4V91_1:1387-1394_1414-1418,5TBW_1:1655-1661_1671-1677,4V91_1:1710-1716_1726-1732,5XXB_1:1811-1817_1827-1833,4V8P_D1:1734-1740_1750-1756,4V9F_0:1579-1584_1594-1600,4V9F_0:786-790_807-811,6EK0_L5:1550-1554_1571-1575,4IOA_X:714-720_735-742,2YGH_A:16-20_30-37,5FJC_A:16-20_30-37,5O60_A:816-821_838-844,4Y4O_2A:747-752_769-775,6ERI_AA:712-717_734-740,5V7Q_A:830-835_852-858,5T5H_A:667-672_689-695,6HA1_A:748-753_770-776,3J7Q_5:1144-1148_1165-1169,5XYI_2:1301-1305_1316-1320,5GAP_V:27-33_42-45,5GAN_V:27-33_42-45,6GAZ_AA:109-114_134-141,3J9M_AA:108-113_131-138,4LFB_A:237-242_272-279,5MRC_aa:245-250_281-288,5V93_a:240-245_275-282
Kink-turn-Sub2,5J7L_DA:2128-2135_2154-2158,5O60_A:2351-2358_2377-2381
Kink-turn-Sub3,6EK0_L5:117-121_146-152,5T5H_A:120-121_141-146,5TBW_1:120-121_141-146,5XXB_1:122-123_147-152,4V8P_D1:120-121_143-148,3J7Q_5:120-121_146-151
Kink-turn-Sub4,5MRC_aa:628-634_641-649,5J7L_AA:514-520_527-535,4LFB_A:498-504_511-519,6ERI_BA:462-468_475-483,6GAZ_AA:240-246_253-261,5NGM_Aa:522-528_535-543,5ZEB_a:494-500_507-515,4V88_A6:561-567_574-582,6FYY_2:560-566_573-581,3J9M_AA:239-245_252-260,6AZ1_1:610-616_623-631,5XXU_2:560-566_573-581,5XYI_2:483-489_496-504,5OPT_E:616-622_629-637,6HIW_CA:229-235_242-250,5V93_a:505-511_518-526,6D9J_2:534-540_547-555,3J7A_A:568-574_581-589,6EK0_S2:610-616_623-631,3J7P_S2:549-555_562-570,6HA1_a:522-528_535-543,4V5O_BA:555-561_568-576
Kink-turn-Sub5,5TBW_1:1963-1968_1980-1987,5XXB_1:2269-2274_2285-2292,6EK0_L5:3659-3664_3676-3683,4V91_1:2155-2160_2172-2179,4V8P_D1:2151-2156_2167-2174,3J7Q_5:2452-2457_2469-2476,5XY3_1:1671-1676_1689-1696,6D9J_5:2348-2353_2365-2372,3J79_A:2448-2454_2465-2472,5T2A_B:339-344_356-363,6AZ3_2:400-405_417-424,5T5H_B:187-192_204-211,5AN9_N:2422-2427_2438-2445,5J7L_DA:1797-1803_1812-1820,4Y4O_2A:1827-1833_1842-1850,4IOA_X:1788-1794_1804-1812,6HA1_A:1826-1832_1841-1849,4WF9_X:1824-1830_1839-1847,4V9F_0:1846-1851_1862-1869,5MRC_A:1704-1710_1720-1728
Kink-turn-Sub6,5J7L_AA:1254-1257_1276-1281,4LFB_A:1236-1239_1258-1263
Kink-turn-Sub7,6HA1_a:1262-1265_1284-1289,6EK0_S2:1549-1557_1576-1581,5XYI_2:1297-1301_1320-1325,5V93_a:1246-1249_1268-1273,5ZEB_a:1235-1238_1257-1262,4V5O_BA:1458-1464_1484-1489,5NGM_Aa:1264-1267_1286-1291
Kink-turn-Sub8,6FYY_2:1485-1491_1510-1515,4V88_A6:1487-1493_1512-1517
Kink-turn-Sub9,5XXB_1:1273-1280_1400-1405,6EK0_L5:1925-1932_2052-2057,4V8P_D1:1213-1220_1340-1345,3J79_A:1314-1321_1441-1446,6AZ3_1:1243-1252_1372-1377,6D9J_5:1453-1460_1580-1585,3J7Q_5:1500-1508_1628-1634,5TBW_1:1131-1138_1258-1263,4V91_1:1186-1193_1313-1318,5T5H_A:953-958_973-978
L1-complex-Sub1,3U4M_B:19-22_56-69,5ML7_B:25-28_66-79,1MZP_B:19-22_31-44,4V91_1:2465-2468_2475-2488
L1-complex-Sub2,2HW8_B:8-11_20-27,2VPL_B:8-11_31-38,1U63_D:9-12_32-39
Rope-sling-Sub1,5J7L_DA:1003-1010_1149-1150,4WF9_X:1047-1054_1193-1194,4Y4O_2A:1048-1055_1194-1195,4IOA_X:1014-1021_1160-1161,6EK0_L5:1910-1919_2062-2064,6HA1_A:1049-1056_1195-1196,3J7Q_5:1486-1495_1638-1640,6AZ3_1:1227-1234_1383-1392,5MRC_aa:616-625_652-654,5J7L_AA:503-510_539-540,6HA1_a:511-518_547-548,4LFB_A:487-494_523-524,3J9M_AA:228-235_264-265,6GAZ_AA:229-236_265-266,4V9F_0:1093-1100_1246-1247,6ERI_BA:451-458_487-488,6EK0_S2:598-605_635-636,6AZ1_1:598-605_635-636,4V5O_BA:542-549_580-581,5OPT_E:604-611_641-642,6D9J_2:588-594_1007-1008,6FYY_2:548-555_585-586,3J7A_A:556-563_593-594,5V7Q_A:1132-1139_1279-1280,5O60_A:1121-1128_1268-1269,4V8P_D1:1199-1206_1351-1352
Rope-sling-Sub2,6EK0_S2:664-670_1160-1161,5XYI_2:537-543_912-913,6FYY_2:614-620_1102-1103
Rope-sling-Sub3,5J7L_AA:568-574_879-880,4LFB_A:552-558_857-858,6HA1_a:576-582_888-889,5MRC_aa:677-683_944-945,6GAZ_AA:289-295_483-484,5ZEB_a:548-554_861-862,5NGM_Aa:576-582_888-889,6ERI_BA:516-522_828-829,3J9M_AA:287-293_485-486
Rope-sling-Sub4,6GAZ_AA:632-633_642-650,3J9M_AA:630-631_641-649
Sarcin-ricin-Sub1,5J7L_DA:2652-2657_2662-2666,4IOA_X:2631-2636_2641-2645,5J7L_DA:238-244_252-257,4V9F_0:2681-2687_2692-2697,5V7Q_A:2031-2037_2046-2054,5MRC_A:2919-2924_2929-2933,4V9F_0:283-287_348-353,4WF9_X:240-247_255-261,4Y4O_2A:2663-2668_2673-2677,6AZ3_4:45-52_57-63,4V8P_D1:3006-3013_3018-3024,3J7Q_5:3333-3339_3344-3349,6D9J_5:3215-3222_3227-3233,6HA1_A:240-247_255-261,1UN6_F:25-30_43-47,5T5H_D:71-77_97-102,5O60_A:2876-2881_2886-2890,4V91_1:3019-3025_3030-3035,5XXB_1:3130-3136_3141-3146,3JCS_3:27-32_191-202,6EK0_L5:4596-4602_4607-4612,3J7Q_5:1822-1828_2650-2655,5OOL_A:1449-1455_1460-1465,5V7Q_A:2890-2895_2900-2904,4WF9_X:2679-2684_2689-2693,6HA1_A:2681-2686_2691-2695,6ERI_AA:2669-2674_2679-2683,5FLX_z:69-74_90-96,6ERI_AA:222-229_237-243,6D9J_5:1741-1747_2546-2551,4LCK_F:15-22_82-89,4Y4O_2A:226-232_240-245,5OPT_E:1579-1586_1597-1602,4IOA_X:215-221_229-234,4V88_A6:1110-1117_1128-1133,5O60_A:1377-1383_2234-2239,6ERI_AA:1283-1289_2024-2029,5J7L_DA:1262-1268_2010-2015,5MRC_A:1295-1301_1910-1915,5V7Q_A:1393-1399_2248-2253,5OOL_A:636-642_1003-1008,6GAW_BA:640-646_1005-1010,4IOA_X:1275-1281_1993-1998,4Y4O_2A:1307-1313_2031-2036,4WF9_X:1300-1306_2037-2042,6HA1_A:1302-1308_2039-2044,5XXU_2:1105-1112_1123-1128,4LFB_A:864-871_882-887,6ERI_AA:1807-1813_1822-1830,6EK0_S2:1167-1174_1185-1190,6AZ1_1:1462-1469_1480-1485,3J7P_S2:1040-1047_1058-1063,6HA1_a:895-902_913-918,3J7A_A:1211-1218_1229-1234,6FYY_2:1109-1116_1127-1132,5J7L_AA:886-893_904-909,5MRC_aa:951-958_969-974,5XXB_1:1540-1546_2466-2471,6EK0_L5:2357-2363_3857-3862,3J79_A:1592-1598_2646-2651,4V91_1:1443-1449_2353-2358,5XY3_1:1156-1162_1871-1876,3J79_A:3405-3410_3415-3419,6GAZ_AA:490-497_508-513,3J9M_AA:492-499_510-515,5XYI_2:919-926_937-942,4V8P_D1:1469-1475_2348-2353,5TBW_1:1388-1394_2161-2166,6GAW_BA:72-78_86-91,5OOL_A:68-74_82-87,4V9F_0:559-563_578-583,3DIL_A:21-29_62-69,4V9F_0:202-208_216-221,1Q96_A:4-11_16-22,5MRC_A:278-284_292-297,4V9F_9:74-80_100-105,3J7O_7:70-77_97-103,6EK0_L7:70-77_97-103,4NLF_A:5-11_16-21,6D9J_7:70-77_97-103,5XY3_1:2472-2478_2483-2488,3D0U_A:19-26_59-65,5O60_A:238-244_252-257,4IOA_X:302-305_353-358,6D9J_2:1014-1022_1031-1037,5XXB_3:70-77_97-103,4V5O_BA:1082-1089_1101-1106,5TBW_1:2771-2777_2782-2787,6EK0_L5:81-87_95-100,5TBW_1:79-86_94-100,5XXB_1:81-88_96-102,4V91_1:81-88_96-102,3J79_A:81-88_96-102,5XY3_1:80-86_94-99,5ZEB_a:868-875_886-891,4V8P_D1:80-86_94-99,6ERI_BA:835-842_853-858,5NGM_Aa:895-902_913-918,1NBS_B:52-57_79-85,5V7Q_A:240-246_254-259,5V7Q_A:189-194_203-209,3J79_B:71-77_97-102,6AZ3_8:71-77_97-102,5XY3_3:71-77_97-102,5J7L_DA:856-861_914-919,4Y4O_2A:903-907_959-963,4IOA_X:870-874_926-930,4V9F_0:1359-1365_2044-2049,5FLX_z:254-260_271-276,5V7Q_A:1555-1560_1641-1648,4V9F_0:944-948_1003-1007,6EK0_L5:1731-1736_1791-1796,6AZ3_1:1040-1045_1100-1105,4V8P_D1:1017-1022_1077-1082,3J7Q_5:1307-1312_1367-1372,5MRC_A:779-784_840-845,6D9J_5:1260-1264_1319-1323,5XYM_B:71-79_94-102,5XY3_1:717-722_777-782,4WF9_X:901-906_959-964,6GAW_BA:1454-1460_1465-1470,3J79_A:1113-1118_1174-1179,6HA1_A:904-908_961-965,5O60_A:971-976_1029-1034,5V7Q_A:1710-1715_1751-1756,5AN9_N:3354-3360_3365-3370,5TBW_1:936-941_996-1001,4V91_1:991-996_1051-1056,5XXB_1:1080-1085_1140-1145,5MRC_aa:516-520_528-533,4V8P_C3:71-77_97-102,5T5H_A:826-831_837-842,5NGM_Aa:453-457_490-495,4LFB_A:440-444_467-472,5ZEB_a:445-449_462-467,6HA1_a:452-456_490-495,6ERI_BA:416-420_430-435,6ERI_Ax:69-77_96-104,6D9J_5:81-87_95-100,5J7L_AA:445-449_482-487,5TBW_AS:71-79_99-105,4V91_3:71-79_99-105,4IOA_X:164-169_178-184,4V9F_0:150-155_164-170,5J7L_DA:187-192_201-207,4WF9_X:190-195_204-210,5MRC_A:227-232_241-247,6HA1_A:190-195_204-210,4Y4O_2A:175-180_189-195,6ERI_AA:172-177_186-192,5O60_A:186-191_200-206,3IGI_A:295-302_315-320,5XXB_1:31-36_45-51,5XY3_1:29-34_43-49,5TBW_1:29-34_43-49,4V91_1:31-36_45-51,6AZ3_1:27-32_41-47,6EK0_L5:30-35_44-50,3J79_A:31-36_45-51,5T5H_A:28-33_42-48,4V8P_D1:29-34_43-49,3J7Q_5:30-36_43-50,4Y1J_A:4-11_88-93,4Y1M_B:6-13_94-99,6CB3_B:5-12_89-94,5T5H_A:79-86_94-99,6AZ3_1:78-85_93-98
Sarcin-ricin-Sub2,5O60_A:1903-1908_1913-1919,6HA1_A:1730-1735_1740-1746,5TBW_1:1862-1867_1872-1878,4V9F_0:1756-1761_1766-1772,5T5H_B:96-101_106-112,4V8P_D1:1941-1946_1951-1957,4Y4O_2A:1731-1736_1741-1747,5J7L_DA:1685-1690_1695-1701,4IOA_X:1702-1707_1712-1718,4WF9_X:1729-1734_1739-1745,6AZ3_2:100-105_110-116,5T2A_B:101-106_111-117,5XY3_1:1582-1587_1592-1598,6ERI_AA:1721-1726_1731-1737,6EK0_L5:2866-2871_2876-2882,5XXB_1:2020-2025_2030-2036,3J79_A:2185-2190_2195-2201,4V91_1:1917-1922_1927-1933,5V7Q_A:1920-1925_1930-1936,3J7Q_5:2331-2336_2341-2347,5TBW_1:1638-1642_1691-1696,4V91_1:1693-1697_1746-1751,4V8P_D1:1717-1721_1771-1776,3J79_A:1848-1852_1966-1971,5XXB_1:1787-1791_1847-1852,5T5H_E:56-60_105-110,6AZ3_3:64-68_141-146,3JCS_3:66-70_143-148
Sarcin-ricin-Sub3,5O60_A:1688-1691_1741-1745,5J7L_DA:1467-1470_1519-1523,5V7Q_A:1705-1708_1758-1762
Sarcin-ricin-Sub4,5TBW_1:461-469_511-517,4V91_1:516-524_566-572
Sarcin-ricin-Sub5,5J7L_AA:408-415_426-432,6HA1_a:415-422_433-439
Sarcin-ricin-Sub6,5T83_A:69-75_87-89,5U3G_B:59-65_77-79
Sarcin-ricin-Sub7,3K0J_E:55-59_72-76,2GDI_X:49-53_66-70,3D2V_A:46-50_63-67
Sarcin-ricin-Sub8,6EK0_L5:1521-1525_1647-1654,5TBW_1:749-753_875-882,5XXB_1:894-898_1020-1027,6AZ3_1:853-857_979-986,3J79_A:923-927_1049-1056,5XY3_1:530-534_657-664,4V91_1:804-808_930-937,5T5H_A:639-643_765-772,4V8P_D1:829-833_955-962,3J7Q_5:1115-1119_1241-1248,6D9J_5:1072-1076_1198-1205,6GAW_BA:241-245_345-352,5OOL_A:235-239_338-345,5O60_A:788-792_913-920,5V7Q_A:802-806_927-934,5J7L_DA:673-677_798-805,4WF9_X:718-722_843-850,4Y4O_2A:719-723_844-851,5MRC_A:582-586_689-696,4IOA_X:686-690_811-818,6HA1_A:720-724_845-852,6ERI_AA:684-688_809-816
Sarcin-ricin-Sub9,4LFB_A:404-411_422-428,5ZEB_a:408-415_426-432
Sarcin-ricin-Sub10,5O60_A:3067-3072_3085-3089,6HA1_A:2871-2876_2889-2893,4WF9_X:2866-2871_2884-2888,6ERI_AB:50-55_68-72,5V7Q_A:3081-3086_3099-3103,3J79_A:3723-3728_3758-3762,4V8P_D1:3289-3294_3322-3326,4V91_1:3332-3337_3367-3371,5T5H_H:38-43_63-67,5TBW_1:3084-3089_3119-3123,6EK0_L5:5003-5008_5038-5042,6D9J_5:3533-3538_3563-3567,5XXB_1:3414-3419_3447-3451,4V9F_0:2856-2861_2880-2884,4IOA_X:2821-2826_2839-2843,5XY3_1:2692-2697_2727-2731,3JCS_5:38-42_103-106
Sarcin-ricin-Sub11,4Y4O_2A:2855-2860_2873-2877,5J7L_DA:2846-2851_2864-2868
Sarcin-ricin-Sub12,6FYY_2:1477-1484_1516-1524,4V88_A6:1479-1486_1518-1526,6EK0_S2:1540-1548_1582-1591,3J7P_S2:1414-1422_1454-1463,6AZ1_1:1880-1887_1935-1943
Sarcin-ricin-Sub13,4LFB_A:1228-1234_1265-1271,5ZEB_a:1227-1233_1264-1271,6ERI_BA:1194-1200_1231-1237,3G9C_Q:95-101_118-125,6HA1_a:1254-1260_1291-1297,5J7L_AA:1246-1252_1283-1289,5NGM_Aa:1256-1262_1293-1299,5MRC_aa:1277-1286_1323-1330
Sarcin-ricin-Sub14,5ZWN_P:76-79_122-124,6G90_1:76-79_122-124
Sarcin-ricin-Sub15,5V7Q_A:1946-1950_1977-1979,6ERI_AA:1453-1455_1590-1593
Tandem-shear-Sub1,3J7Q_5:1024-1027_1043-1046,6HA1_A:2378-2381_2392-2395,2R8S_R:10-14_103-106,5MRC_A:2901-2905_3111-3115,5XTM_B:8-13_34-37,4IOA_X:1847-1851_1864-1868,4WF9_X:1882-1886_1908-1912,6EK0_L5:1430-1433_1449-1452,6GAZ_AA:81-84_96-99,6FYY_2:1650-1653_1741-1744,5MRC_aa:1292-1296_1311-1315,4V8P_D1:124-127_137-140,3J9M_AA:852-856_898-901,6EK0_S2:188-191_206-209,6FYY_2:184-187_194-197,1U6B_B:52-55_81-84,5J7L_DA:2349-2352_2363-2366,4Y4O_2A:2360-2363_2374-2377,6HA1_A:2495-2498_2508-2511,5AOX_C:57-60_73-76,4LFB_A:1398-1401_1458-1461,3D0U_A:15-18_66-69,5NGM_Aa:72-81_86-95,3J9M_AA:626-629_650-653,4WF9_X:2376-2379_2390-2393,5O60_A:2573-2576_2587-2590,6ERI_AA:2366-2369_2380-2383,4IOA_X:2328-2331_2342-2345,4V8P_D1:161-164_253-256,4V88_A6:185-188_195-198,5MRC_A:2616-2619_2630-2633,6HA1_A:921-925_944-948,4V8P_D1:570-573_593-597,4KZD_R:10-13_70-73,4WFL_A:70-73_88-91,4GMA_Z:96-100_138-142,2A64_A:346-350_377-381,3DHS_A:197-201_228-232,5J7L_DA:875-878_897-900,6FYY_2:1666-1669_1726-1729,6EK0_S2:1732-1735_1797-1800,3J7A_A:1965-1968_2020-2023,5OQL_1:453-456_474-477,5XYI_2:1474-1477_1508-1511,3J7P_S2:1605-1608_1670-1673,6D9J_2:1569-1572_1625-1628,4V8P_D1:474-478_498-501,5OQL_1:87-90_115-118,4V88_A6:1668-1671_1728-1731,5XXU_2:1666-1669_1719-1722,3IGI_A:171-174_189-193,5OOL_A:1186-1189_1201-1204,4V5O_BA:1639-1642_1681-1684,6GAZ_AA:628-631_651-654,5J7L_DA:535-538_553-556,5O60_A:622-625_645-648,6HA1_A:581-584_597-600,5V7Q_A:623-628_653-658,4V8P_D1:781-785_793-797,5MRC_A:432-435_452-455,4UYK_R:71-73_116-118,4OJI_A:4-8_43-49,6D9J_2:178-182_196-199,5BTP_B:11-14_40-43,4XWF_A:6-9_35-38,4ZNP_A:8-11_36-39,6EK0_S2:1716-1719_1812-1815,5XXU_2:1650-1653_1734-1737,6D9J_2:1553-1556_1640-1643,5V7Q_A:2587-2590_2601-2604,4R4V_A:19-23_37-40,4V88_A6:1652-1655_1743-1746,6AZ1_1:2072-2075_2146-2149,5OPT_E:2187-2190_2262-2265,3J7P_S2:1589-1592_1685-1688,6GAZ_AA:329-333_359-363,1Y0Q_A:45-50_56-60,3J7P_S2:188-191_206-209,5NGM_Aa:1425-1428_1491-1494,6ERI_BA:1364-1367_1429-1432,5MRC_aa:1483-1486_1572-1575,5ZEB_a:1398-1401_1464-1467,6HA1_a:1423-1426_1489-1492,5J7L_AA:1415-1418_1480-1483,3J7A_A:1949-1952_2035-2038,5TBW_1:3094-3097_3112-3115,5XYI_2:1458-1461_1523-1526,6ELZ_6:29-33_44-47,3DIL_A:18-21_69-72,6GAZ_AA:859-862_906-909,4IOA_X:1490-1493_1529-1532,5O60_A:2690-2693_2703-2706,6ERI_AA:2483-2486_2496-2499,5V7Q_A:2704-2707_2717-2720,5ZEB_a:1239-1243_1252-1256,6AZ3_2:1273-1276_1286-1289,5T2A_B:1209-1213_1223-1227,5TBW_1:2587-2591_2601-2605,5XXB_1:2945-2949_2959-2963,3J79_A:3193-3197_3207-3211,6ERI_BA:1206-1209_1220-1223,4V91_1:2835-2839_2849-2853,6GAW_BA:1289-1292_1302-1305,6EK0_L5:2588-2592_2751-2755,4V9F_0:929-932_1018-1025,5XY3_1:2290-2294_2304-2308,5XY3_4:69-72_80-88,5AN9_N:3167-3171_3181-3185,5J7L_DA:2466-2469_2479-2482,4WF9_X:2493-2496_2506-2509,4V8P_D1:2823-2826_2836-2839,6EK0_L5:4412-4415_4425-4428,6ERI_AA:1865-1868_1896-1899,6HA1_A:1884-1888_1910-1914,6EK0_S2:1741-1745_1787-1791,5XXU_2:1675-1679_1709-1713,6ERI_AA:546-549_563-566,3J7A_A:1974-1978_2010-2014,4V9F_0:2494-2497_2507-2510,5XXB_1:849-852_858-861,3J7Q_5:3148-3152_3162-3166,3J7Q_5:2053-2057_2216-2220
Tandem-shear-Sub2,4IOA_X:2445-2448_2458-2461,4Y4O_2A:2477-2480_2490-2493
Tandem-shear-Sub3,5O60_A:1637-1641_1796-1799,4WF9_X:1460-1464_1623-1626,6ERI_AA:1492-1497_1546-1550
Tandem-shear-Sub4,4LFB_A:1413-1417_1443-1446,5ZEB_a:1413-1417_1449-1452,6ERI_BA:1379-1383_1414-1417,4V9F_0:555-559_583-586,5OQL_1:358-361_404-408,3J7P_S2:824-828_839-846,4V91_1:724-727_740-744,5TBW_1:669-672_685-689,6EK0_L5:1424-1427_1455-1459,3J7Q_5:1018-1022_1048-1053,4V9F_0:1448-1452_1475-1481
Tandem-shear-Sub5,3J7A_A:37-40_471-475,6FYY_2:37-40_464-468,4V88_A6:37-40_465-469,5XXU_2:37-40_465-469,4V5O_BA:36-39_457-461,5MRC_A:57-62_406-412,5OQL_1:623-627_1049-1054,3PDR_X:13-16_138-142
Tetraloop-receptor-Sub1,3IGI_A:333-334_345-348,5XTM_B:2-5_40-44,2R8S_R:120-124_144-147,5BTM_A:18-22_33-36,1NBS_B:60-64_73-76,5Y7M_D:1-4_44-48,4WZJ_XXX:45-48_55-59,1KXK_A:14-18_53-56,3T4B_A:16-19_33-34,6CHR_A:163-166_305-309,4V8P_D1:1725-1729_1762-1767,6CHR_A:517-520_531-535,5V7Q_A:322-324_450-454,4PCJ_A:7-10_26-27,5M0H_A:13-17_28-31,5XTM_D:4-5_40-43,1U6B_B:153-156_168-169,5DCV_D:4-5_44-47,6AZ4_A:12-16_27-30,1U6B_B:57-61_76-79,4IOA_X:1430-1434_1592-1596,3Q1Q_C:31-34_43-47
Tetraloop-receptor-Sub2,4LFB_A:757-761_787-788,6ERI_BA:721-731_745-752,6HA1_a:781-785_811-812,6EK0_S2:1041-1045_1071-1072,3J7P_S2:914-918_944-945
Tetraloop-receptor-Sub3,5U3G_B:9-12_27-28,5T83_A:16-19_40-41,6DLR_A:15-18_42-43
U-turn-Sub1,5D8H_A:46-50_59-61,1MMS_C:36-39_50-51,5AN9_N:1496-1499_1510-1511,3J7Q_5:1576-1579_1590-1591,6ERI_AA:1114-1117_1128-1129,1HC8_C:36-39_50-51,4V9F_0:1183-1186_1197-1198,6GAW_BA:530-533_544-545,5OOL_A:526-529_540-541,5TBW_1:1206-1209_1220-1221,4V91_1:1261-1264_1275-1276
X-loop-Sub1,5J7L_DA:1665-1668_1992-1993,4IOA_X:1682-1685_1975-1976,5MRC_A:1617-1620_1892-1893,3J79_A:2165-2168_2628-2629,5T2A_B:81-84_519-520,4V9F_0:1736-1739_2026-2027,4Y4O_2A:1711-1714_2013-2014,5V7Q_A:1900-1903_2230-2231,4V8P_D1:1921-1924_2330-2331,3J7Q_5:2311-2314_2632-2633,5XXB_1:2000-2003_2448-2449,4WF9_X:1709-1712_2019-2020,4V9F_0:237-240_257-258,5O60_A:1883-1886_2216-2217,5XY3_1:1562-1565_1853-1854,4V91_1:1897-1900_2335-2336,6AZ3_2:80-83_580-581,6EK0_L5:2846-2849_3839-3840,5T5H_B:76-79_334-335,6GAW_BA:800-803_987-988,5OOL_A:799-802_985-986,6HA1_A:1710-1713_2021-2022,6ERI_AA:1330-1333_1638-1639
X-loop-Sub2,4LFB_A:637-638_734-737,5J7L_AA:653-654_750-753,5ZEB_a:633-634_730-733,5NGM_Aa:661-662_758-761,6HA1_a:661-662_758-761,5MRC_aa:716-717_815-818,5XYI_2:684-685_781-784,1KUQ_B:17-18_49-52,4QLM_A:38-39_90-93
X-loop-Sub3,6AZ1_1:1110-1114_1204-1211,5OPT_E:1199-1203_1293-1300,5J7L_DA:274-279_359-361,3D0U_A:34-37_50-51,3DIL_A:37-40_53-54
X-loop-Sub4,6ERI_AA:2313-2314_2334-2337,4V88_A6:864-865_961-964
X-loop-Sub5,6D9J_2:1133-1134_1157-1160,6AZ1_1:1581-1582_1605-1608,6EK0_S2:1286-1287_1310-1313
X-loop-peer2-Sub1,4V88_A6:1344-1347_1376-1379,6EK0_S2:1401-1404_1440-1443
reverse-Kink-turn-Sub1,5XXB_1:1281-1291_1385-1399,5TBW_1:1139-1149_1243-1257,4V91_1:1194-1204_1298-1312,5XY3_1:917-927_1021-1035,6EK0_L5:1933-1943_2037-2051,3J79_A:1322-1332_1426-1440,4V8P_D1:1221-1231_1325-1339,5AN9_N:1429-1439_1533-1547,3J7Q_5:1509-1519_1613-1627,6D9J_5:1461-1471_1565-1579
reverse-Kink-turn-Sub2,4Y4O_2A:1068-1074_1168-1183,4IOA_X:1034-1040_1134-1149
reverse-Kink-turn-Sub3,6HA1_A:1069-1075_1169-1185,4WF9_X:1067-1073_1167-1183,5O60_A:1141-1147_1241-1257,5V7Q_A:1152-1158_1252-1268,5MRC_A:949-956_1090-1104
